ArticleID,Topic,Ideology,Credibility,Source,Title,Abstract
0,climate,left,high,The New Yorker,From Climate Exhortation to Climate Execution: The Inflation Reduction Act finally offers a chance for widespread change,"So far, the climate debate has gone on mostly in people’s heads and hearts. It took thirty years to get elected leaders to take it seriously: first, to just get them to say that the planet was warming, and then to allow that humans were causing it. But this year Congress finally passed serious legislation—the Inflation Reduction Act—that allocates hundreds of billions of dollars to the task of transforming the nation so that it burns far less fossil fuel. So now the battle moves from hearts and heads to houses. "
1,climate,left,high,The New Yorker,The U.N. Secretary-General’s Searing Message for the Fossil-Fuel Industry,"Secretary-General is saying that the central problem with climate change is the fossil-fuel industry's product, that the industry is immorally undermining climate action, and that, if it continues, it should be shut down."
2,climate,left,medium,Huffington Post,‘It’s F**king Over!’ Lula da Silva’s Victory In Brazil Injects Hope Into Global Climate Fight,"In an election many saw as crucial to the future of the Amazon rainforest and staving off catastrophic planetary warming, the leftist da Silva, known affectionately as “Lula,” narrowly ousted far-right President Jair Bolsonaro, a staunch climate change denier who has presided over skyrocketing deforestation in the Amazon rainforest that turned him into a global pariah."
3,climate,left,medium,Huffington Post,Self-Proclaimed Climate 'Leader' To Host Annual Climate Denier Conference,"For the second year in a row, a self-declared “leader” in the fight against global climate change will host the Super Bowl of climate change denial.
In February, the right-wing Heartland Institute is scheduled to convene its three-day “International Conference on Climate Change” at the Hilton Orlando Lake Buena Vista hotel, near Walt Disney World Resort. The Illinois-based think tank is unwavering in its dismissal of established climate science and has a long history of cheerleading for the fossil fuel industry and fighting environmental regulations and renewable energy projects."
4,climate,center_left,high,ABC News,Report: A new report says climate commitments by companies aren’t always as green as they seem,"A new report concludes major brands are exaggerating how ambitious their efforts to cut greenhouse gas emissions are — in effect misleading consumers, investors and governments.
The report published Monday by the Europe-based environmental think tanks NewClimate Institute and Carbon Market Watch examined 24 companies, including KitKat manufacturer Nestle, French retailer Carrefour and automaker Volkswagen. It found that only one company — shipping firm Maersk — had climate plans with “reasonable integrity” while the rest were assessed to be moderate to very low."
5,climate,center_left,high,ABC News,Climate activists dig in to defend village from coal mine,"Climate activists pledged Sunday to defend a tiny village in western Germany from being bulldozed for the expansion of a nearby coal mine that has become a battlegroundbetween the government and environmental campaigners.
Hundreds of people from across Germany gathered for protest training and a subsequent demonstration in the hamlet of Luetzerath, which lies west of Cologne next to the vast Garzweiler coal mine."
6,climate,center_left,medium,Buzzfeed,Activists Say The Outrage At Them Gluing Their Hands To Famous Paintings Is Nothing Compared To What Climate Change Will Do To Art,"Activists around the world are setting their sights on another target in an effort to draw attention to the climate emergency: famous artworks in museums.
Extinction Rebellion spokesperson Brad Homewood told the Guardian that they did it knowing it would not damage the artwork. ""Our intention was always to glue on to the perspex protecting it,"" he said. ""Those activists are on the same side as you. They're not protesting the museum or have a problem with the art. They're making a desperate statement that we are in danger."""
7,climate,center_left,medium,Buzzfeed,“It’s Now Or Never”: The Next Three Years Are Crucial To Preventing The Worst Impacts Of Climate Change,"The best possible future — the one with fewer climate disasters, extinctions, and human suffering — involves limiting global warming to 1.5 degrees Celsius. But for this to happen, a new report warns, greenhouse gas levels must start dropping by 2025.
“We are on a fast track to climate disaster,” United Nations Secretary-General António Guterres said on Monday while announcing the new report by the United Nation’s preeminent climate body, the Intergovernmental Panel on Climate Change."
8,climate,least_biased,high,CNET,"At COP27, Historic Deal Will Compensate Poor Nations for Climate Crisis Disasters","Developing countries, climate NGOs and activists celebrated a victory more than 30 years in the making on Sunday, as they welcomed the news that this year's UN climate summit, COP27, has resulted in the establishment of a funding mechanism for loss and damage. 
It marks an important breakthrough in multilateral climate negotiations that will see countries that are historically responsible for emitting the majority of greenhouse gases compensate those from vulnerable countries, who are the hardest hit. For something that many activists argue is long overdue, it can't come soon enough."
9,climate,least_biased,high,CNET,An Overlooked Threat From Climate Change Puts Millions at Risk Right Now,"Rising sea levels and the potential impacts to huge coastal populations worldwide rank near the top of concerns when it comes to fallout from an escalating climate emergency. But a lesser-known danger poses an equal or arguably more imminent threat to millions around the world living at much higher altitudes: flooding from glacial lakes.
With average temperatures rising around the world in recent decades, a number of these lakes high above population centers in South America and Asia have become swollen and unstable as the reserves of snow and ice that feed them melt ever quicker. "
10,climate,least_biased,medium,Newzjunky: CNBC,Bill Gates on why he’ll carry on using private jets and campaigning on climate change,"During a wide-ranging interview with the BBC aired at the end of last week, Gates was asked for his view on the charge that a climate change campaigner using a private jet to travel around the world was a hypocrite.
“Well, I buy the gold standard of, funding Climeworks, to do direct air capture that far exceeds my family’s carbon footprint,” the Microsoft co-founder, who was being interviewed in Kenya, replied.
“And I spend billions of dollars on ... climate innovation. So, you know, should I stay at home and not come to Kenya and learn about farming and malaria?”"
11,climate,least_biased,medium,Newzjunky: CBC,"Rush to electric vehicles may be an expensive mistake, say climate strategists","For people with money and a conscience, EVs are doubly satisfying. They allow the affluent to indulge in the time-honoured pleasures of conspicuous consumption while at the same time saving the planet.
But for those who have looked more deeply at how the world can escape its dependence on oil and gas, the rush to replace existing gas guzzlers with a new fleet of clean, silent battery-powered personal transport leaves them uneasy. ""It's a really important evolution of technology to get away from internal combustion engines, so that part is necessary,"" said Lorinc in a recent phone interview. But he said the change comes with many caveats, including the fact that a lot of the world's electricity is still made using fossil fuels. "
12,climate,center_right,high,Wall Street Journal,"Climate Change Drives Fish Into New Waters, Remaking an Industry","Aboard the Stanley K and the Oracle, two 58-foot vessels, Buck Laukitis and his crews chase halibut across the Bering Sea worth $5 a pound at the docks. As sea temperatures rise, and Arctic ice retreats the fish appear to be avoiding warming waters, migrating northward where they cost more to reach, federal fisheries biologists say. “It keeps me up at night,” he says. “I woke up at three in the morning. I couldn’t sleep thinking about where the fish are going.”
Across the continent from Mr. Laukitis in Rhode Island, black sea bass have moved in with the warming waters. The bulk once lived roughly 700 miles south off North Carolina. Now they are a staple catch in Point Judith, R.I., along with the summer flounder that also have begun appearing.
“Not everybody is a loser in global warming,” says Aaron Gewirtz, owner of a 45-foot trawler in Point Judith, who says his bottom line has been shored up by the newcomers. “Some species really dig it. And black sea bass is one of them.”"
13,climate,center_right,high,Wall Street Journal,Carbon Emissions Climbed Less Than Feared in 2022 Despite Coal Resurgence,"IEA says demand for renewable sources helped alleviate impact from coal usage after Russia’s invasion of Ukraine.
Global carbon emissions inched higher last year, according to the International Energy Agency, but the increase was less than what had been feared as booming demand for renewable energy kept the impact from resurgent coal plants in check.
“The impacts of the energy crisis didn’t result in the major increase in global emissions that was initially feared—and this is thanks to the outstanding growth of renewables,” said Fatih Birol, the IEA’s executive director. “Without clean energy, the growth in CO2 emissions would have been nearly three times as high.”"
14,climate,center_right,medium,New York Post,"With the ‘expert’ COVID view blown up, green terror must be next","With the demolition of the “expert” views on COVID — mask mandates are useless; vaccines fail to stop transmission; the virus most likely came from that Wuhan lab — it’s time to take a very hard look at another major “settled science” pseudo-consensus: climate doom-saying. 
Climate change is real, with human activity contributing to it. But the exact mechanics aren’t remotely as well understood as received wisdom has it — and the terror-campaign hysteria about how to address it, from Greta Thunberg and Al Gore all the way to Joe Biden, Kathy Hochul and most of the media, is utterly anti-science. Carbon fuels and the technologies that depend up them are essential to modern society: Pretending that governments can simply mandate them away, ordering replacements into existence, is out-and-out magical thinking."
15,climate,center_right,medium,New York Post,Critics slam new ‘carbon aware’ Xbox console: ‘The woke brigade has come for video games’,"Xbox is working to reduce our environmental impact to help us reach Microsoft’s goal of being a carbon negative, water positive, and zero waste company by 2030 by rethinking how we design, build, distribute, and use our products,” a press release from Microsoft’s Xbox Wire said.
“They want to take your guns. They want to take your gas stoves. And now they want to take your Xbox. What’s next?” Rep. Troy Nehls, R-Texas, tweeted.
Conservative journalist John Ziegler commented on the announcement as well, “Could this be what finally makes some young people realize the negative real-world impacts of the #ClimateScam?! Or, on the other hand, could this be the most culturally productive thing ever done under the guise of the alleged #ClimateEmergency?!”"
16,climate,right,high,National Review,Cool the Climate Alarmism,"The latest U.N. forecast should remind us that the climate is an immensely complex system.
The report released before last year’s climate conference points to global warming of between two and three degrees centigrade over pre-industrial levels, considerably less than the increase of four or even five degrees that was once widely forecast.
We cannot pretend to be certain what it will look like at the end of the century, or how much of any change will be due to human activity, or what the effects of climate change will be. 
Above all, we believe that the best way to protect societies from the vicissitudes of the weather and the climate is by wealth creation. To the extent that climate policy inhibits economic growth, it is self-defeating. The richer humanity becomes, the greater our ability to spend what it takes to live with, adapt to, and — who knows — one day accurately model the future of the climate."
17,climate,right,high,National Review,Biden’s Preferred ‘Green’ Car Is Worse for the Environment,"We’ve known that the Biden administration cares about the climate about as much as it cares about coherent sentences, but the most recent Twitter post from POTUS really is a humdinger. Seated in a 9,000-pound Hummer EV — an asphalt-crushing weight for a consumer vehicle — Biden cheeses for the cameras and reminds the public why Democrats aren’t worth listening to about conservation and practical climate solutions: As Peter Huether of the American Council for an Energy-Efficient Economy (ACEEE) notes, the Hummer EV produces more CO2 than a midsize ICE sedan."
18,climate,right,medium,BreitBart,Alarmists: Nine Years to Avoid ‘Critical Climate Change Threshold’,"Climate change alarmists are pressing for faster transition away from affordable fossil fuels, insisting that the world has only nine years to avoid a “critical climate change threshold.”
Citing the yearly Global Carbon Budget report, Zack Budryk wrote in the Hill Friday that humanity must radically reduce its consumption of fossil fuels to avoid crossing the 1.5-degree warming threshold, warning that at current levels that threshold will be reached in just nine years.
The authors of the report assume a likelihood of 68 percent that “the true value will be within the provided range,” a choice that reflects “the difficulty of characterizing the uncertainty in the CO2 fluxes between the atmosphere and the ocean and land reservoirs individually, particularly on an annual basis, as well as the difficulty of updating the CO2 emissions from land-use change.”"
19,climate,right,medium,BreitBart,Green Extremists Glue Hands to Runways at German Airports,"Climate activists briefly disrupted traffic at Munich airport in southern Germany Thursday, in a protest against the environmental impact of air travel.
The group Last Generation said some of its members glued themselves to the tarmac in Munich, while others entered the grounds of Berlin airport. Henner Euting, a spokesperson for Munich airport, confirmed that the northern runway was briefly closed. Planes had to be routed over the southern runway, causing short delays, he said."
20,climate,right,medium,Fox News,"Just Stop Oil opens door to more extreme protests, including 'slashing' famous artwork","Just Stop Oil, the British climate group that has staged protests defacing famous paintings and blocking busy city streets, said it was considering taking more extreme measures to protest new fossil fuel development.
In a blog post Wednesday, the group said it was obliged to escalate its actions because climate change posed such a large threat to humanity and future generations. While the group pushed back on media reports that it would soon begin slashing famous paintings, it said such actions could be taken in the future."
21,climate,right,medium,Fox News,Republicans are planning to battle Biden's 'radical' green agenda with House control: 'keep energy costs low',"House Republicans are preparing to pursue an aggressive plan to fight President Biden's climate agenda through legislation and investigations over administration policymaking when they assume majority control early next year.
Several top GOP members, who are in leadership roles on energy policy, laid out their priorities to Fox News Digital. In addition to stemming the Biden administration's green agenda and efforts to curb fossil fuel production, the Republicans said they would aim to unleash American energy, hold China accountable and secure the domestic critical mineral supply chain."
22,abortion_laws,left,high,The New Yorker,A Win for Abortion Rights in Kansas: Voters went to the polls in historic numbers to reject Republicans’ plans.,"The Dobbs decision and the anti-amendment campaign also energized a raft of voters—especially women, across generations, particularly in cities and suburbs—who were determined not to allow Republican legislators and conservative churches to take away a right that had been in place for nearly fifty years. Opponents, who have been fighting for decades against abortion, most notably during the 1991 Summer of Mercy, in Wichita, vowed to persevere. For now, though, the victors are savoring their triumph. “I have four daughters,” Ashley All, the spokesperson for Kansans for Constitutional Freedom, told reporters on Wednesday morning. “This campaign was for them.”"
23,abortion_laws,left,high,The New Yorker,"Abortion Is About Freedom, Not Just Privacy","The Supreme Court’s decision to overturn Roe v. Wade has brought old feelings of astonishment and disgust back to the surface. The Court’s utter disregard for the rights of women and of trans and nonbinary people who have the capacity to become pregnant is shocking in the twenty-first century. In the text of the majority opinion—as, indeed, in the original 1973 Roe opinion—the rights of women as full citizens hardly seem to register."
24,abortion_laws,left,medium,Huffington Post,2 States Introduce Radical Bills To Prosecute Pregnant People For Abortion,Republicans in Arkansas and Oklahoma introduced bills this week that would allow authorities to criminally prosecute pregnant people for seeking abortion care. The legislation offers a terrifying preview of what’s to come in a country that no longer has federal abortion protections.
25,abortion_laws,left,medium,Huffington Post,"Two Years After My Beloved Daughter Died, I Got Pregnant Again. Here's Why I Chose An Abortion.","Many people presume that a pregnancy after the death of a child is a “miracle,” regardless of the circumstances, but everything about this pregnancy felt wrong. I had been down the demoralizing road of food stamps and piling up credit card debt raising Antonia. As a single woman working in the field of social services, I could never work enough to afford full-time day care."
26,abortion_laws,center_left,high,ABC News,"Idaho woman shares 19-day miscarriage on TikTok, says state's abortion laws prevented her from getting care","Carmen Broesder, 35, from Nampa -- 20 miles west of Boise -- a mother-of-one was just six weeks pregnant when she began miscarrying on Dec. 8. However, she said it took eight days before she was given any medicine to manage her pain and to expel embryonic tissue, and several more days for the miscarriage to end.
In a series of TikTok videos -- along with medical records, photos and videos shared with ABC News -- she said that despite bleeding heavily and suffering intense cramps, she was denied a dilation and curettage, or D&C, which removes tissue from inside the uterus, multiple times. Because a D&C can also be used when providing abortion care, she told ABC News she believes it's directly tied to Idaho's abortion ban."
27,abortion_laws,center_left,high,ABC News,Democratic governors form alliance on abortion rights,"Democratic governors in 20 states are launching a network intended to strengthen abortion access in the wake of the U.S. Supreme Court decision nixing a woman’s constitutional right to end a pregnancy and instead shifting regulatory powers over the procedure to state governments.
Organizers, led by California Gov. Gavin Newsom, described the Reproductive Freedom Alliance as a way for governors and their staffs to share best practices and affirm abortion rights for the approximately 170 million Americans who live in the consortium’s footprint — and even ensuring services for the remainder of U.S. residents who live in states with more restrictive laws."
28,abortion_laws,center_left,medium,Buzzfeed,"Abortion Rights Were Decimated Across The US In 2022, But These People Showed The Fight For Access Isn’t Over","Thanks to the work of reproductive justice lawyers, activists, doctors, and voters, attempts to outlaw abortion or further restrict access in even more states have failed — for now. People who live in states where abortion is illegal have been able to get the care they need by self-managing an abortion with FDA-approved medications or traveling out of state with the help of volunteers, abortion funds, and providers. And, perhaps more than ever, people are talking about how vital abortion access is and sharing their own abortion stories."
29,abortion_laws,center_left,medium,Buzzfeed,Abortion Took Center Stage In The Michigan Elections — Just As Activists Predicted,"Pro–abortion rights campaigners weren’t surprised that voters turned out in big numbers to support the issue.  The enthusiasm among young voters like Pedersen helped propel Proposal 3 to victory. By Wednesday, the outcome was clear: 57% of voters approved the amendment to restore the right to abortion and further protect other forms of reproductive healthcare in the state. Although pundits and polls had suggested abortion would not “deliver” for Democrats, it ended up being a huge motivating issue for voters at the ballot box, both in Michigan and across the country."
30,abortion_laws,least_biased,high,CNET,"Medication Abortion Remains a Battleground, This Time Challenging US Drug Market","The future of medication abortion is teetering in lawsuits over the availability and legality of mifepristone, the first of two drugs used in the procedure. 
In late February, attorneys general from about a dozen Democratic-led states sued the US Food and Drug Administration over regulations they say are medically unnecessary and are meant to make it harder for people to get mifepristone. But others claim that the FDA's rules aren't tight enough. Whether mifepristone is even able to stay on the US market could depend on the ruling of one judge in Texas, which has already banned abortion for the state with narrow exceptions, and the ruling could come in any day."
31,abortion_laws,least_biased,high,CNET,"Abortion Is an Economic Issue: In a Post-Roe World, How Much Does It Cost?","In the post-Roe terrain, the divide between the haves and have-nots is only increasing, according to Baker. In states that support reproductive rights and telemedicine, abortion is becoming more accessible. But in states where abortion is banned, reproductive care is more difficult and expensive -- and even if you can obtain an abortion somewhere else, you can't always afford to get there.  In a country where nearly half of all workers are in low-wage jobs and where child care is out of reach for millions, the lack of abortion access severely impacts women's educational and employment outcomes. "
32,abortion_laws,least_biased,medium,Newzjunky: AP,US Catholic bishops worry about abortion views in the pews,"The members of the U.S. Conference of Catholic Bishops rounded out their leadership bench during the last day of public sessions of their fall annual meeting in Baltimore, which concludes with private meetings Thursday.
They also set in motion a plan to recirculate their long-standing election document in 2024 — a 15-year-old statement that prioritizes opposition to abortion — while acknowledging it’s outdated and adding a cover statement addressing such things as the teachings of Pope Francis and the Supreme Court’s Dobbs ruling in June that overturned the nationwide right to abortion."
33,abortion_laws,least_biased,medium,Newzjunky: POLITICO,Zeldin vows he won't mess with abortion rights if elected. Democrats aren't buying it.,"New York has among the strongest abortion rights in the country, even before the high court ruling, and Hochul pushed for more after the decision. A 2019 law under her predecessor codified Roe into state law. And before SCOTUS ruled in June, Hochul and the Legislature passed laws that included making the state a safe haven for those who came her from out of state seeking an abortion. Then in July, lawmakers took the first vote to get abortion rights codified in the state constitution. Hochul supporters jumped on Zeldin’s latest abortion comments, which also included a new ad Friday that says: “I will not change and could not change New York’s abortion law. Hochul already knows that, yet she tried to deceive you anyhow.”"
34,abortion_laws,center_right,high,Wall Street Journal,Abortion Opponents Consider How Far to Press After End of Roe v. Wade,"Republican-leaning states, with new power to regulate abortions, face a choice between incremental restrictions or broader bans.
For the nearly half-century that Roe v. Wade was the law of the land, the most prominent opponents of abortion often urged an incremental approach to narrowing access to the procedure.
Now, having achieved a Supreme Court victory that overruled Roe and ended the constitutional right to an abortion, antiabortion advocates are considering what to do next."
35,abortion_laws,center_right,high,Wall Street Journal,"In States Where Abortion Is Legal, Some Cities Look to Restrict Access","Local measures highlight complexity of abortion access in states after Supreme Court’s decision to overturn Roe v. Wade.
Some city and county governments in states that allow abortion are exploring ways to restrict it within their communities.
The Supreme Court’s decision overturning Roe v. Wade in June returned the issue to the states. But a growing number of municipalities aim to create their own abortion regulations, potentially setting the stage for legal battles or conflicts with state officials."
36,abortion_laws,center_right,medium,New York Post,Adams inks deal to offer abortion pills at NYC clinics — sparking ‘tourism’ fears,"City-run health clinics will soon be able to provide “medical abortions” with pills to terminate a pregnancy — a move critics charge will turn New York into an abortion tourist mecca.
In the public notice, the health department said it’s buying the abortion pill “to mitigate the threat to public health posed by the recent Supreme Court decision that overturned Roe vs Wade, which provided a constitutional right to abortion.” The nation’s high court ruling said states should determine legalization or restriction of abortion.
State Conservative Party chairman Gerald Kassar fumed, “This is abortion tourism. New York has gone way too extreme on abortion.”
“I’m definitely supportive. Access to abortion is important,” said Upper West Siide Councilwoman Gale Brewer, a co-sponsor of the law to provide abortion pills at city clinics.
New York state had among the highest abortion rates in the country in 2020 among females 15 to 44 years old, with 110,0360 pregnancies terminated — 28.18 per 1,000, or double the national rate, according to a study by the Guttmacher Institute, a pro-choice group."
37,abortion_laws,center_right,medium,New York Post,UK woman arrested for silently praying across from abortion clinic: ‘Terrifying’,"“Conservatives and free speech activists on Twitter railed against a recent video depicting police interrogating and ultimately arresting a pro-life woman who was silently praying outside a U.K. abortion clinic. The woman who was arrested, Isabel Vaughan-Spruce, is the director of the U.K. March for Life. 
Those who watched the woman’s arrest after admitting she was “praying in my head” were appalled. Some claimed this was proof that Great Britain had become a dystopia.
RedState deputy managing editor Brandon Morse made the point, “If abortion advocates don’t believe in God and think prayer is actually silly then what are they so afraid of?”
Conservative pundit Lauren Chen tweeted, “People are literally being arrested for thought crimes in the UK. Free speech is NOT a western value, it’s a uniquely American one.”"
38,abortion_laws,right,high,National Review,Mainstream Media Mislead on a New Abortion Poll,"On Thursday, the Public Religion Research Institute (PRRI) released the results of a new poll on sanctity-of-life issues. Between March 2022 and December 2022, they posed a range of questions to 22,894 adults. 
The polls of the Public Religion Research Institute on sanctity-of-life issues have the ability to usefully inform debates. Their polls typically survey many more people than do polls conducted by various survey research firms. This allows more-nuanced analysis of abortion attitudes among various regional and demographic groups. Indeed, the finding from this year’s PRRI poll that abortion attitudes have exhibited little change after Dobbs is certainly noteworthy. That said, it is unfortunate, but unsurprising, that media are amplifying the results of one survey question that consistently overstates support for legal abortion. As always, pro-lifers should not be discouraged and should stay the course."
39,abortion_laws,right,high,National Review,Democrats Double Down on Abortion Extremism,"Throughout the summer, Democratic strategists and their allies in the press were salivating in anticipation of Senate debate season because it would force Republican candidates to talk about the issue of abortion. Well, debate season is almost over, and how many viral video clips of GOP candidates’ debating abortion have you seen rocketing around the Internet?
Zero? There’s a reason for that: Democrats haven’t won the debate. At the very least, they were fought to a draw on stage in each contest, and on the whole Democrats lost the abortion debate by embracing extremism in battleground state after battleground state."
40,abortion_laws,right,medium,BreitBart,50 Pro-Life Groups Sound Alarm on Taxpayer Funding for Abortions at VA Clinics,"Roughly 50 pro-life groups sent a letter to the U.S. House and Senate on Tuesday, warning that taxpayers could end up funding abortions by the Department of Veterans Affairs (VA) under a new rule put forth by the Biden administration. 
The letter details how a portion of the $71 million increase in funding from appropriations bills (totaling $911 million) for the Office of Women’s Health at the VA will be used to “underwrite the transformation of veteran’s health facilities into abortion centers” under an interim final rule (IFR) which provides funding for abortion by the VA."
41,abortion_laws,right,medium,BreitBart,Pence: Constitutional Rights Should ‘Extend to the Born and the Unborn’,"Anchor Chuck Todd said, “You’re a limited government guy. I know this. Are you comfortable with the idea of essentially government-mandated pregnancy?"" Pence said, “Our founding documents say we are endowed by our creator with certain inalienable rights. The first one mentions life. I think government exists to protect life, particularly defenseless life. I intend to be a part of this, but I think we have an opportunity, Chuck, to approach this in a new way. When the Supreme Court took this issue away from the American people 49 years ago, there were strong dividing lines that have endured for two generations, but now we have a political debate. We have the opportunity not just to craft thoughtful protections for the unborn but also to extend protections and support for women in crisis pregnancy and for newborns. I’d like to see us redouble our efforts to demonstrate the compassion of the American people to live out the idea there is no unwanted child.”"
42,abortion_laws,right,medium,Fox News,Pro-life centers targeted by 70% of abortion-related violent threats since Dobbs decision: FBI,"Approximately 70% of abortion-related threats of violence in the US since the Dobbs decision have been against pro-life groups, according to the head of the FBI.
FBI Director Christopher Wray gave the statistic while speaking at a hearing before the Senate Homeland Security Committee.
Sen. Rick Scott of Florida questioned Wray during the hearing about recurring accusations that the FBI is not committing resources to combat an escalation in crimes committed against pregnancy centers, churches and other pro-life institutions. The FBI director went on to address the rising rate of violent threats and attacks against pro-life groups — the most explicit confirmation of the trend from FBI leadership thus far."
43,abortion_laws,right,medium,Fox News,"Abortion is 'gruesome sign' of what society has forgotten, says Catholic archbishop","Baltimore, Maryland – While Christian leaders continue to celebrate the overturning of Roe v. Wade this past June, they acknowledge there is still work to be done to empower and support pregnant women and the babies they deliver.
On the second day of the USCCB's 2022 Fall General Assembly this past week in Baltimore, Maryland, Bishop Michael Burbidge of Arlington, Virginia, noted there are ""so many ministries"" within the Catholic Church that are ""helping our brothers and sisters at every stage of life that are asking for support and help.""  ""We have to continue to do advocacy and witnessing. But service is at the heart of what being pro-life is — and we do that at every stage, from mothers in crisis pregnancies [to] mothers in need [and] protecting the unborn."""
44,gun_control,left,high,The New Yorker,Can Suing Gun Manufacturers Reduce Gun Violence?,"A lawyer talks about a path forward on gun control that wouldn’t require Congress or the Supreme Court.
A 2005 law called the Protection of Lawful Commerce in Arms Act (P.L.C.A.A.) has made it very difficult to sue a gunmaker. Jonathan Lowy has. He’s the chief counsel and vice-president of legal at Brady, one of the country’s oldest advocacy groups against gun violence. Faced with a hostile Supreme Court and a Senate filibuster, Lowy believes civil litigation is a path forward for gun-control advocates. "
45,gun_control,left,high,The New Yorker,"Seeing America, Again, in the Uvalde Elementary-School Shooting. Nineteen children and two adults were murdered in Texas. This is the country that gun-rights advocates have chosen.","This is the second-deadliest K-12 school shooting in U.S. history, after the December, 2012, massacre at Sandy Hook Elementary School, in Newtown, Connecticut. Eventually, Sandy Hook also came to be seen as the graveyard of the gun-control movement: in 2013, a new assault-weapons ban, and also a bill to require universal background checks for firearm sales, failed in the Senate. If an entire classroom of dead first-graders could not spur even remedial action in Congress on gun control, nothing would. And nothing has."
46,gun_control,left,medium,Huffington Post,Uvalde Parents Confront Gov. Abbott Over Texas Gun Law,Republicans in Arkansas and Oklahoma introduced bills this week that would allow authorities to criminally prosecute pregnant people for seeking abortion care. The legislation offers a terrifying preview of what’s to come in a country that no longer has federal abortion protections.
47,gun_control,left,medium,Huffington Post,Supreme Court Declines Appeal From Couple Who Pointed Guns At Racial Justice Protesters,"The U.S. Supreme Court on Monday declined to hear an appeal challenging sanctions against a couple who pointed loaded firearms at Black Lives Matter protesters who were walking past their St. Louis home.
Patricia and Mark McCloskey sparked national outrage in 2020 — and praise from former President Donald Trump — after pointing a handgun and an AR-15 assault-style rifle at racial justice demonstrators who were heading to the home of the St. Louis mayor to protest the police killing of George Floyd."
48,gun_control,center_left,high,ABC News,Gun reform on the ballot after string of devastating mass shootings,"After Uvalde, where 19 children and two teachers were killed, one Oregon resident decided to turn in his AR-15 rifle and a 9mm handgun to local police.
Ben Beers went viral on TikTok for the move -- which he said was emotional but also relieving.
""It's like, why is this weapon, that's [a] lethal weapon, here -- that I'm seeing throughout these horrible tragedies,"" Beers told ABC News. ""Why is it in my house?""
Beers described the transformation of once being excited to customize an AR-15 after leaving the military to being horrified when that style weaponry was used to kill young children."
49,gun_control,center_left,high,ABC News,"What some lifelong gun owners say about AR-15s
""There needs to be drastic changes taken with this weapon,"" one said.","Paul Kemp is the co-founder and president of Gun Owners for Responsible Ownership. A lifelong gun owner and hunter, he said he was driven to create the organization after his brother-in-law Steven Forsyth was killed in the Clackamas Town Center shooting in December 2012 in Oregon.
The gunman in that case, a 22-year-old, opened fire in the crowded shopping mall using a Stag Arms AR-15 rifle he had stolen from an acquaintance. In addition to Forsyth, Cindy Ann Yuille was killed in the incident and 15-year-old Kristina Shevchenko was injured. The gunman died by suicide at the scene.
Kemp is one of several longtime gun owners ABC News spoke with who say they want gun control laws and reform. Gun rights extremists, with, they say, the NRA as their bullhorn -- no longer represent the majority of gun owners in the U.S."
50,gun_control,center_left,medium,Buzzfeed,"After Recent Shootings, Walmart Is Removing Violent Video Game Displays, But Not Guns","Walmart, one of the largest sellers of firearms and ammunition in the United States, is removing the video game displays, but taking no action in response to its gun and ammunition sales. A company spokesperson told Bloomberg on Sunday that Walmart had no plans to stop selling the weapons.
When asked why these changes weren’t being implemented, House stated in an email to BuzzFeed News, “We are focused on assisting our associates and their families, as well as supporting the community, as we continue a thoughtful and thorough review of our policies.”"
51,gun_control,center_left,medium,Buzzfeed,"When Black Panthers Carried Guns, Conservatives Supported Gun Control","The image of who carries guns in the popular imagination has changed since 1967. And as the faces of those advocating for and carrying assault weapons have become whiter and more conservative — and as the Second Amendment has become less often invoked in the context of racial justice and collective self-defense and more often in the context of hunting and individual self-defense — the politics of gun control have shifted drastically.
What might look today like a principled, uncompromising stance that the NRA and the modern-day conservative movement have taken on gun rights is far less long-standing than it seems. Just over 50 years ago, it was sacrificed in the name of a higher political priority: undercutting radical advocates of racial justice whose insistence on exercising their constitutional rights threatened white Americans’ political and social dominance in a way that white conservatives couldn’t accept."
52,gun_control,least_biased,high,CNET,Can smart guns slash gun violence? Silicon Valley says yes,"Star investor Ron Conway is among those behind a series of $1 million challenges aimed at using technology to improve gun safety. The key? Find ways to make sure only guns' owners are able to fire them.
Although the foundation's leaders aren't naïve enough to believe that they can stop all gun violence, or bring technology to all firearms, their goals are simple: Help entrepreneurs and innovators bring new technologies to market that make it far harder for guns that fall into the wrong hands to hurt people. They think that the kinds of smart technologies already being used to track and lock devices like smart phones may well be the key."
53,gun_control,least_biased,high,CNET,"What Are Red Flag Laws, the Gun Control Measure Uniting Republicans and Democrats","Red flag laws, officially known as extreme risk protection orders, allow law enforcement to seize firearms from those deemed a risk to themselves or others. Such measures have already been passed in 19 states, including Republican strongholds like Indiana and Florida. 
While GOP leadership has traditionally been against gun regulation, the deadly mass shootings in Uvalde, Buffalo and Tulsa since mid-May have led to rare bipartisan support in Congress and statehouses across the US. "
54,gun_control,least_biased,medium,Newzjunky: AP,States divided along partisan lines in response to shootings,"Washington Gov. Jay Inslee was quick to react to this week’s carnage at a Texas elementary school, sending a tweet listing the gun control measures the Democratic-controlled state has taken. He finished with: “Your turn Congress.”
But gun control measures are likely going nowhere in Congress, and they also have become increasingly scarce in most states. Aside from several Democratic-controlled states, the majority have taken no action on gun control in recent years or have moved aggressively to expand gun rights.
That’s because they are either controlled politically by Republicans who oppose gun restrictions or are politically divided, leading to stalemate."
55,gun_control,least_biased,medium,Newzjunky: Syracuse,Syracuse Gun Show opens Saturday at NY State Fairgrounds amid confusion over new gun control laws,"New York State’s largest gun show opens Saturday in the Center of Progress building at the New York State Fairgrounds, and runs through Sunday.
Hosted by the New York State Arms Collectors Association, the Syracuse Gun Show will have 800-1,000 tables featuring firearms and memorabilia from gun collectors and dealers from all over the United States. The rollout of New York State’s sweeping new gun control laws have resulted in some confusion among vendors, said show manager Sandy Ackerman, but she expects the show to function as it has in the past. Ackerman stressed that all firearms, including concealed carry, must be unloaded and tied down at the show unless you’re paid security."
56,gun_control,center_right,high,Wall Street Journal,"Old Racist Gun Laws Enter Modern-Day Legal Battles: Government lawyers reluctantly cite historical laws that kept guns from Blacks, Native Americans and Catholics","Historical, racist gun laws are taking on new relevance in legal battles over modern-day gun regulations, following a Supreme Court ruling that expanded the right to bear arms. In the 1700s and 1800s, states across the country passed laws to keep guns out of the hands of slaves, free Black people, Native Americans and Catholics. Such discriminatory gun restrictions would be unconstitutional today, but they have entered the gun-rights debate as judges look to apply the Supreme Court’s decision last June that said gun restrictions must be anchored in historical traditions."
57,gun_control,center_right,high,Wall Street Journal,"Perception Diverges From Reality on Mass School Shootings
Gun-control advocates want you to think that tragedies like Uvalde are more common than they are","Saturation media coverage of such terrifying events as the mass shooting at Robb Elementary School in Uvalde, Texas, can leave some people with the impression that these things occur far more often than they do. The unique horror of mass shootings,” the Times reported, “means they occupy a central place in parents’ fears, and in the nation’s political debate about gun access and school safety, even though they remain rare.” Most gun-related deaths—54% in 2020—are suicides. Mass shooting casualties are less than 1% of all gun deaths, and there have been 13 mass school shootings since 1966. These data points are cold comfort to those mourning the shooting victims in Uvalde, but they ought to inform any public policy response under consideration."
58,gun_control,center_right,medium,New York Post,Black women seeing guns as protection from rising crime,"The 67-year-old Detroit grandmother squeezed the trigger, the echo of her shot blending into the chorus of other blasts by other women off the small gun range walls. “I was a little nervous, but after I shot a couple of times, I enjoyed it,” said Rupert, among 1,000 or so mostly Black women taking part in free weekend gun safety and shooting lessons at two Detroit-area ranges. Black women like Rupert increasingly are considering gun ownership for personal protection, according to industry experts and gun rights advocates. Gun ownership tends to increase when people lose faith in government and the police, said Daniel Webster, professor of American Health in Violence Prevention at the Bloomberg School of Public Health and director of the Johns Hopkins Center for Gun Violence Prevention and Policy."
59,gun_control,center_right,medium,New York Post,Biden opposed to ‘hardening schools’ against potential shooters,"President Joe Biden does not support “hardening schools” against potential school shooters following the massacre at a Texas elementary school last week, White House press secretary Karine Jean-Pierre said on Tuesday. “I know there’s been conversation about hardening schools, that is not something he believes in,” Jean-Pierre told reporters at a White House press conference. Republican lawmakers have been supportive of “hardening” schools by providing money for more security resources, law enforcement officers or even arming teachers. Murphy told The Associated Press on Thursday that he was “open” to increasing school security, however, Democrats have been steadfast against providing weapons to teachers. They’ve also argued that heightened security alone does not go far enough to protect students  The President said Monday he hadn’t yet spoken with Republican leaders about areas of potential compromise — despite the fact that a week had passed since the tragedy."
60,gun_control,right,high,National Review,When Gun Laws Don’t Prevent Gun Crime,"n Monday, in the city of Highland Park, Ill., a deranged goblin of a man opened fire on a July 4 parade, killing seven innocent people and wounding three dozen others. Because they are, relatively speaking, so rare and so unpredictable — and because America is so free — mass shootings remain one of the most intractable forms of crime.  Americans would do well to set incidents such as this one in their proper context. Random acts of violence are, indeed, terrifying, but they are terrifying because they are so rare. When allocating our limited time and resources, we ought to remember that while the most spectacular criminals garner all the attention, a devastating attrition continues unabated in the background. On the day before the shooting in Highland Park, 15 people were killed in Chicago. Thus far in 2022, there have been 250 murders in Philadelphia, 175 murders in Los Angeles, and 102 murders in Washington, D.C. Bringing down those numbers will take hard work, intelligent policing, a willingness to enforce the laws already on the books, and a commitment to engaging with the problem in its most common form — and not just when it provides clicks, outrage, and a chance to poke one’s political enemies in the eye."
61,gun_control,right,high,National Review,The gun control delusion,"The democrats dream of banning particular kinds of firearms, from the descendants of Eugene Stoner's AR-15 to the common 9mm handgun. This is not going to happen. The question has, in fact, already been litigated all the way to the Supreme Court, which in its Heller decision considered the issue of firearms that ""are commonly possessed by law-abiding citizens for lawful purposes today"" and held that any ""categorical ban of such weapons violates the Second Amendment""."
62,gun_control,right,medium,BreitBart,7th Murder Recorded for 2022 on Subway in Gun-Controlled NYC,"A youth basketball coach was stabbed to death on a New York City subway Thursday night, the seventh murder victim on the subway system in gun-controlled NYC this year. 
New York has some of the most stringent gun controls in the country, including red flag laws, universal background checks, an “assault weapons” ban, a high-capacity magazine ban, gun registration, controls on ammunition, and much more.
Democrat lawmakers recently created gun-free zones around NYC, where even concealed carry permit holders are barred from carrying guns for self-defense."
63,gun_control,right,medium,BreitBart,Good Guy with a Gun: Montenegro Mass Shooter Stopped by Armed Passerby,"A man went on a shooting rampage in the streets of this western Montenegro city Friday, killing 10 people, including two children, before being shot dead by a passerby, officials said. Brdjanin said the man used a hunting rifle to first shoot to death two children ages 8 and 11 and their mother, who lived as tenants in the attacker’s house in Cetinje’s Medovina neighbourhood. Andrijana Nastic, the prosecutor coordinating the crime scene investigation, told journalists that the gunman was killed by a passerby and that a police officer was among the wounded. She said nine of those killed died at the scene and two died at a hospital where they were taken for surgery."
64,gun_control,right,medium,Fox News,Blatantly unconstitutional': Strict gun control law faces new NRA-backed legal challenge,"One of the strictest gun control laws in the nation is facing a new National Rifle Association-backed legal challenge as a federal judge prepares to decide whether to delay the measure's implementation.
Two former Oregon lawmakers, a sporting goods store, the National Shooting Sports Foundation (NSSF) and the Oregon State Shooting Association — the NRA's state affiliate — filed the lawsuit Thursday, arguing the voter-approved Measure 114 places ""severe and unprecedented burdens"" on those seeking to exercise their Second Amendment rights.
Measure 114 passed with just 50.65% of the vote last month. It bans ammunition magazines capable of holding more than 10 rounds and mandates the creation of a permit-to-purchase system that includes hands-on firearm training and fingerprinting. ""Oregon has not yet even provided the necessary funding for, let alone set up the systems required to administer its new and onerous permitting scheme,"" the latest lawsuit alleges."
65,gun_control,right,medium,Fox News,"Proposed gun control measures lack empirical evidence they reduce crimes, experts say","Calls for gun control have echoed across the nation following a series of devastating mass shootings. Some experts, however, say there’s little to no evidence showing that tightening laws on guns will prevent violent crimes and similar shootings. 
""Not really,"" Crime Prevention Research Center President John Lott told Fox News Digital when asked if there is empirical evidence showing gun control measures can prevent violent crimes. ""There's been a lot of studies done on things like assault weapons bans, background checks … Even for the assault weapons ban, even the Clinton administration - which signed it into law - paid for research on it. And even their studies couldn't find any benefits in terms of reducing a type of violent crime or in terms of stopping things like mass public shootings."""
66,vaccines,left,high,The New Yorker,"The Vaccine-Mandate Battle. Vaccines work, and so do mandates—but Aaron Rodgers and Republican politicians are among those who are muddying the message.","It might seem obvious that there is a cost to not getting a vaccine that offers protection against a virus that has killed three-quarters of a million Americans, but nationwide only sixty-eight per cent of those over the age of eleven are fully vaccinated. And so, amid concerns about a winter surge—already emerging in Europe—more mandates and vaccination-related rules are being introduced. The Rodgers affair has become a showcase for misinformation about vaccines. In a sprawling interview on “The Pat McAfee Show,” on YouTube, Rodgers said that he was being pursued by a “woke mob,” and listed one false claim after another: there is a way to immunize oneself without getting covid or a vaccine; vaccines might interfere with his someday “being a father”."
67,vaccines,left,high,The New Yorker,When Parents Forbid the COVID Vaccine,"A teen-ager explains how his parents’ resistance to vaccination has strained their family life, and the options he’s explored for receiving the shot without their permission. The C.D.C. now recommends vaccination for everyone twelve years of age or older. Young people rarely get severely ill from the virus, but, of course, they can transmit it to others. "
68,vaccines,left,medium,Huffington Post,Anti-Vaccine Activists Stole These People's Stories. Now They’re Speaking Out.,"This anti-vaccine propaganda movement has completely misrepresented stories of tragedy and medical emergencies. The victims are done being quiet about it. Bridges had survived COVID-19. She contracted the disease in January 2022, and a congenital heart condition called aortic valve stenosis had exacerbated the virus’s effect on her body. She left the hospital last March and quickly learned that by doing so she’d be admitted into a growing club of people whose tragedies and medical emergencies have been turned into anti-vaccine propaganda. Thanks to a conspiracy theory-hawking film and a corresponding social media movement, anyone who had, as the saying goes, “died suddenly” — or in Bridges’ case, escaped a sudden death — regardless of the cause, was a target. Now, as their ranks swell and their frustration mounts at seeing lies about themselves and their loved ones, some are speaking out, refusing to stay silent as their experiences are hijacked."
69,vaccines,left,medium,Huffington Post,Anti-Vaccine Activists Stole These People's Stories. Now They’re Speaking Out.,"The new plan, outlined in documents the FDA released ahead of the agency’s vaccine advisory committee meeting on Thursday, would empower the FDA to decide in June of each year which strain of the virus is most likely to be the biggest threat the following winter. Vaccines targeting that variant would then start rolling out no later than September, with most people likely receiving one dose a year."
70,vaccines,center_left,high,ABC News,"Moderna says its COVID vaccine will remain free for all consumers, even those uninsured","Moderna will keep its COVID vaccine on the market at no cost to consumers, even after the federal government stops paying for it, the company announced Wednesday.
""Everyone in the United States will have access to Moderna's COVID-19 vaccine regardless of their ability to pay,"" the company said in a statement.
Last month, the vaccine maker was slammed for reportedly considering a dramatic price increase for the shot, which it had developed with the help of the federal government."
71,vaccines,center_left,high,ABC News,"COVID-19 vaccines are safe and effective for kids, according to new data","Two doses of the mRNA COVID-19 vaccine among school-aged children safely and effectively reduces COVID-19 infection risk as well as associated risks for developing multisystem inflammatory syndrome and COVID-19 related hospitalizations, new data suggests.
This study adds evidence to existing studies and ""supports the safety and efficacy of mRNA COVID-19 vaccine in children aged 5-11 years,"" authors Dr. Jun Yasuhara of the Center for Cardiovascular Research at Nationwide Children's Hospital and Dr. Toshiki Kuno of the Division of Cardiology at Montefiore Medical Center told ABC News."
72,vaccines,center_left,medium,Buzzfeed,Johnson & Johnson’s COVID Vaccine Was Immunizing Homeless People. Then It Was Put On Pause,"For most Americans, the pause of the J&J vaccine over the last week has had little to no effect on their ability to get vaccinated. 
But for healthcare providers struggling to find people at the margins — including those living on the streets, moving through shelters, or otherwise lacking a permanent address — J&J’s vaccine was a short-lived blessing. In its absence, they say, some of the most at-risk people in the US aren’t getting another type of shot. And even if the pause lifts, they may not get vaccinated then, either, some clinicians fear, because they’ll have concerns that it’s unsafe."
73,vaccines,center_left,medium,Buzzfeed,"Despite What Anti-Vaxxers Say, Vitamin K Shots Are Safe For Newborns
","Babies are born with a deficiency in vitamin K, an important factor for proper blood clotting. So most newborns are given a shot of vitamin K soon after birth to prevent potentially life-threatening hemorrhages in the brain or intestines.
In one study, researchers surveyed parents who intended to refuse the shot and found that most were white, college-educated people over 30. In addition to the vitamin K shot, 90% refused the hepatitis B vaccine. Their concerns included ""toxic"" ingredients, excessive doses, and side effects. Most of them — 70% — got their information from the internet.
But there are potential health risks for babies whose parents skip the shot, according to Dr. Mark Hudak, the chair of the pediatrics department at University of Florida College of Medicine–Jacksonville."
74,vaccines,least_biased,high,CNET,COVID Vaccines in 2023: What We Know and What We Don't,"A more blanket approach to COVID-19 vaccines -- with most people getting one shot per year and people at higher risk of illness getting two shots -- is what the FDA is aiming for. But past public messaging problems, including a sometimes confusing booster recommendation that marked earlier parts of the pandemic, are just a couple of the hurdles the FDA will need to overcome in this next phase.
In addition to public health awareness, details on who will pay and how much they'll pay for vaccines once the government is no longer footing the bill must still be be determined. Moderna's CEO was called to testify at a Senate hearing in March by Sen. Bernie Sanders, an independent of Vermont, after the vaccine company proposed a vaccine price hike. "
75,vaccines,least_biased,high,CNET,"COVID-19 Vaccines You Can Drink, Snort or Inhale Could Be the Future","What if you could drink your COVID-19 vaccine instead of rolling up your sleeve? No needle -- just a ""swish and swallow,"" and your new immunity is down the hatch. 
You might be able to within the next couple of years, as researchers expand their focus onto mucosal vaccines, which include nasal or inhaled vaccines as well as ""swish and swallow"" oral vaccines such as QYNDR, which completed its phase 1 clinical trial and is currently waiting on more funding to conduct the more detailed, advanced trials that could actually bring the vaccine to market. "
76,vaccines,least_biased,medium,Newzjunky: BBC,"BioNTech: Could Covid vaccine technology crack cancer?
","They are the husband and wife team behind one the most successful Covid vaccines, yet in the UK they are barely known.
Professors Ugur Sahin and Ozlem Tureci co-founded the German company BioNTech in 2008, exploring new technology involving messenger RNA (mRNA), to treat cancer.
When the pandemic struck they partnered with Pfizer to use the same approach to create a Covid vaccine.
Now the doctors are hopeful it could lead to new treatments for melanoma, bowel cancer and other tumour types."
77,vaccines,least_biased,medium,Newzjunky: Mailonline,"Getting Pfizer's Covid booster and flu vaccine on the same day may raise the risk of a STROKE, FDA says
"," Getting Pfizer's Covid bivalent booster and a flu shot on the same day may raise the risk of a stroke, a small official analysis suggests.
The Food and Drug Administration (FDA) found the preliminary link while scouring vaccine injury databases after a separate safety concern was raised about Pfizer's jab.
Earlier this month, one of the country's vaccine surveillance systems flagged a possible association between the Omicron-specific shot and an elevated risk of an ischemic stroke among seniors over 65. "
78,vaccines,center_right,high,Wall Street Journal,"Three Years Late, the Lancet Recognizes Natural Immunity","The Lancet medical journal this month published a review of 65 studies that concluded prior infection with Covid—i.e., natural immunity—is at least as protective as two doses of mRNA vaccines. The most surprising news was that the study made the mainstream press.
“Immunity acquired from a Covid infection is as protective as vaccination against severe illness and death, study finds,” NBC reported on Feb. 16. The study found that prior infection offered 78.6% protection against reinfection from the original Wuhan, Alpha or Delta variants at 40 weeks, which slipped to 36.1% against Omicron. Protection against severe illness remained around 90% across all variants after 40 weeks. These results exceed what other studies have found for two and even three mRNA doses."
79,vaccines,center_right,high,Wall Street Journal,Are Vaccines Fueling New Covid Variants?,"Public-health experts are sounding the alarm about a new Omicron variant dubbed XBB that is rapidly spreading across the Northeast U.S. Some studies suggest it is as different from the original Covid strain from Wuhan as the 2003 SARS virus. Should Americans be worried?
It isn’t clear that XBB is any more lethal than other variants, but its mutations enable it to evade antibodies from prior infection and vaccines as well as existing monoclonal antibody treatments. Growing evidence also suggests that repeated vaccinations may make people more susceptible to XBB and could be fueling the virus’s rapid evolution."
80,vaccines,center_right,medium,New York Post,"Do the right thing, Mayor Eric Adams, and rehire the heroes fired over the vaccine","The COVID-19 pandemic created a grand drama complete with protagonists and antagonists. Despite the danger, many civil servants risked their own and their loved one’s health to continue to fulfill their commitments to the city’s citizens.
They were initially rewarded with hero status, and we were encouraged to applaud their sacrifice daily — until Feb. 14, 2022, when the Adams administration terminated more than 1,400 (later upped to 1,780) government employees, including at the NYPD and FDNY, for refusing to get the COVID-19 vaccine.
A year later, Mayor Eric Adams has removed the city-worker vax mandate but refused to reinstate the fired employees, forcing them to reapply, starting over in seniority and pay scale and with no possibility of back pay."
81,vaccines,center_right,medium,New York Post,Michigan mom sues DeVos Children’s Hospital over transplant vax requirement,"A Michigan mother is suing a hospital for requiring her daughter to get vaccinated against COVID-19 before getting a kidney transplant.
Jenna Campau, of Fennville, adopted the 17-year-old girl from Ukraine in 2021, according to her complaint filed Friday in US District Court for the Western District of Michigan, the Detroit News reported.
The teen — identified as A.C. in court documents — is battling chronic kidney disease with just one of two organs to filter her blood while receiving dialysis at DeVos Children’s Hospital.
But doctors at the Grand Rapids hospital have said the teen must adhere to pre-transplant requirements in order to receive the new kidney, including being vaccinated for COVID-19, the flu and human papillomavirus, the lawsuit alleges.
Campau and her husband claim the requirement violates their civil rights protections since they reject any vaccine produced or researched using “aborted fetal cells and also genetic modifications or therapies that involve combing human and cells or DNA,” according to the filing."
82,vaccines,right,high,National Review,Why Did the Chinese Government Not Prioritize Vaccinating the Elderly,"China’s vaccines against Covid-19 were never that effective, and evidence suggests that the Chinese vaccines are even less against effective against Omicron. Still, I suppose you would rather have a somewhat effective vaccine than no vaccine. But in a baffling decision, the Chinese vaccination program didn’t focus on the elderly.
China’s National Bureau of Statistics warned in May of last year that “increasing elderly population will reduce the supply of labor force and increase the burden on families’ elder care and the pressure on the supply of basic public services. . . . The aging of the population has further deepened, and in the coming period, (we will) continue to face pressure for the long-term balanced development of the population.” Decades of the One Child Policy have created a gender imbalance, and much fewer workers and a much larger group of aging and elderly who need care.
I suppose if an autocratic regime were cynical and cruel enough, they could see Covid-19 as an opportunity to thin the herd of senior citizens, to alleviate the country’s mounting costs of elder care in future years."
83,vaccines,right,high,National Review,The ‘Disinformation’ Police Become the Peddlers,"Look no further than the latest news surrounding Covid-19 to understand how the “disinformation” alarmists — especially those in the media who, like these tracking groups, treat non-consensus views as dangerous — have been getting it all wrong.
In the past few weeks, we’ve learned: The Energy Department suspects the pandemic started with a lab leak, as does the FBI; masks may have done very little to curb transmission; natural immunity provided a level of protection similar to that from two doses of the vaccine; and more. All points were considered disinformation by the truth arbiters not so long ago, but we at National Review weren’t afraid to make them, over and over, and early."
84,vaccines,right,medium,BreitBart,Kevin McCarthy Celebrates: ‘The COVID Vax Mandate on Our Military Is Ending’,"Republican leader Rep. Kevin McCarthy (R-CA) celebrated on Tuesday after it was revealed the defense bill rescinds the vaccine mandate imposed on U.S. military members by the Biden administration, deeming the end of the mandate “a victory for our military” and for “common sense.”
“While I applaud the end of this onerous mandate — the Biden administration must go further,” McCarthy continued, noting the “negative consequences” the mandate has had on the military. "
85,vaccines,right,medium,BreitBart,"‘The Nanny’ Star, SAG-AFTRA President Fran Drescher Blasts Vaccine Mandates as Infringement on Body Sovereignty: ‘Above All Else, Freedom’","Hollywood star Fran Drescher — who is the president of SAG-AFTRA, Hollywood’s largest actors union — has blasted COVID vaccine mandates as an infringement on basic liberties, saying no one should be forced to take the vaccine as a condition for work, travel, dining, or attending public events.
“So to think that every human on the planet can take one vaccine is ludicrous,” she began. “And to make that one vaccine the criteria for who is allowed to work, travel, dine, go to theater, etc., is an infringement on the Disabilities Act, the Freedom of Religion Act, and body sovereignty.”"
86,vaccines,right,medium,Fox News,Ron DeSantis fires back at liberal media critics as Florida investigates COVID vaccine wrongdoing,"Florida Governor Ron DeSantis responded to critics after he called for a grand jury to investigate possible COVID-19 vaccine wrongdoing across the Sunshine State. 
DeSantis joined ""The Ingraham Angle"" on Tuesday night to discuss how he upheld Floridians' rights while the far-left infringed on medical freedom in other areas of the country. 
""The authoritarians were the ones that wanted to mandate the vax on people,"" DeSantis told Laura Ingraham. ""I protected people from having that happen and made sure Floridians could make their own choice. The authoritarians wanted to institute a vaccine passport system almost like a social credit system, so that people who dissented from this would be marginalized from society entirely. We rejected that and we banned it."""
87,vaccines,right,medium,Fox News,Piers Morgan calls out Dr. Fauci: He spent way too much time on TV lecturing people about 'the science',"Fox Nation host Piers Morgan said Monday that one lesson from the COVID-19 pandemic is to listen to scientists, while also respecting everyone’s right to challenge scientific opinions. The host of ""Piers Morgan Uncensored"" said Dr. Anthony Fauci and other officials went on television the past few years and ""lectured"" people with a false sense of ""certainty"" about COVID vaccines and other pandemic measures."
88,culture_sports,left,high,The New Yorker,The Beyoncé Grammys Were Awkward: A ceremony that was designed to feel like a coronation instead came off like an apology.,"In winning Best R. & B. Song for “Cuff It,” a highlight from her 2022 album, “Renaissance,” she tied with the conductor Georg Solti for the highest number of Grammy wins. But it was a complicated achievement when considered against the backdrop of Beyoncé’s Grammys history, in which she has also been one of the Recording Academy’s most overlooked artists, racking up smaller genre-based wins yet mostly losing out in the awards’ headlining categories."
89,culture_sports,left,high,The New Yorker,Has the U.S. Become a Soccer Nation?,"The men’s team may have crashed out in the World Cup against the Netherlands, but soccer has come a long way in America. Even though the U.S. team has qualified for every World Cup except one since 1990, the ceiling for talent on this year’s young American squad was unusually high. So, too, were the expectations. If it’s the hope that kills you, as British fans like to say, then this sting of defeat in a major tournament feels like another small turning point in American soccer: to truly suffer is the mark of an actual soccer nation."
90,science_tech,left,high,The New Yorker,The Supreme Court Probably Won’t Break the Internet—At Least for Now,"The first case, Gonzalez v. Google, focusses on the recommendation algorithms that steer users to specific pieces of content. Is suggesting an article, image, or video the same as supporting it? The second, Twitter v. Taamneh, considers whether platforms are responsible for the content that their users share online. If the answer to either question is yes, then many tech companies would need a fundamental overhaul."
91,science_tech,left,high,The New Yorker,The Medical Miracle of a Pig’s Heart in a Human Body,"The human heart being replaced was, of course, an ill one. It was dilated from being unable to pump properly. The cardiac chambers to which the pig heart would be attached were large. The team had to stitch the small “O” of the pig part to a much larger “O” on the human’s. Griffith was accustomed to making modifications, but less drastic ones. When he first pulled the pig heart out of its container, it looked small and pale. “It had an opaqueness that was off-putting,” he said. “I wondered, Did we do something wacky?” He connected the pig heart to the patient’s vessels. He released the clamp, allowing human blood to flow into the organ. “It was as if we’d turned on a light. And it was a red light. The heart just brightened up. And it went from trembling to pumping.” He demonstrated the movement with his hands. “Hearts don’t just squeeze when they beat, they kind of twist, and this heart—it was doing the hoochy-coochy. It was one of the best hearts I’ve ever seen after transplantation.”"
92,culture_sports,left,medium,Huffington Post,Harry & Meghan' Made A Docuseries For Themselves: Not For Us,"Shrouded in mystery until its release, the show’s top-secret rollout (no reporter or critic received screeners ahead of time) would suggest it would be a tell-all event. Yet, we didn’t learn much new information, especially not near the level of the couple’s explosive interview with Oprah Winfrey in the spring of 2021.
Sure, not everything needs to deliver revelation after revelation. But such a high-profile series inherently comes with those expectations. Instead, the visually well-made docuseries, directed by Oscar nominee Liz Garbus, covers a lot of well-documented territory. "
93,culture_sports,left,medium,Huffington Post,LeBron James' 'Corny' And 'Embarrassing' Gesture At Super Bowl Riles Up Viewers,"Lebron James, the newly anointed all-time NBA scoring leader, was reportedly booed when he appeared on the big screen at State Farm Stadium in Glendale, Arizona, during the Kansas City Chiefs’ victory over the Philadelphia Eagles.
LeBron is nicknamed King James but fans gave him grief for putting on an imaginary crown while attending the Super Bowl on Sunday. "
94,science_tech,left,medium,Huffington Post,"Twitter Reportedly Lays Off Another 10% Of Employees
","Twitter laid off as many as 200 employees over the weekend, including a key figure who helped establish the site’s new system to charge for verification, according to reports.
Dozens of employees at the social media giant wrote they found themselves locked out of the company’s email and internal message boards. The cuts ultimately impacted people on several important teams, including product managers and engineers that help keep Twitter online."
95,science_tech,left,medium,Huffington Post,European Space Agency Pushing For Moon To Have Its Own Time Zone,"This week, the agency said space organizations around the world are considering how best to keep time on the moon. The idea came up during a meeting in the Netherlands late last year, with participants agreeing on the urgent need to establish “a common lunar reference time,” said the space agency’s Pietro Giordano, a navigation system engineer.
For now, a moon mission runs on the time of the country that is operating the spacecraft. European space officials said an internationally accepted lunar time zone would make it easier for everyone, especially as more countries and even private companies aim for the moon and NASA gets set to send astronauts there."
96,culture_sports,center_left,high,ABC News,"Chris Rock responds to infamous Oscars slap from Will Smith nearly a year later
","Comedian Chris Rock finally addressed, what has largely been dubbed as “the slap heard around the world,” nearly a year after actor Will Smith slapped the comedian on stage at the 2022 Academy Awards.
In the newly-released Netflix special, “Selective Outrage,” Rock hit back during his stand-up routine and shared his thoughts on the incident. He said he’s “not a victim, baby.”
“You all know what happened to me, getting smacked by Suge Smith,” Rock said. “It still hurts. I got ‘Summertime’ ringing in my ears. But I’m not a victim, baby. You’ll never see me on Oprah or Gayle crying… I took that hit like Pacquiao.”"
97,culture_sports,center_left,high,ABC News,Paris: Notre Dame Cathedral set to reopen in December 2024,"The reconstruction of Notre Dame Cathedral in Paris is going fast enough to allow its reopening to visitors and faithful at the end of 2024, less than six years after a fire ravaged its roof, French officials said Monday.
The cathedral's iconic spire, which collapsed in the blaze, will gradually start reappearing above the monument this year in a powerful signal of its revival, the army general in charge of the colossal project, Gen. Jean-Louis Georgelin, said.
“The return of the spire in Paris’ sky will in my opinion be the symbol that we are winning the battle of Notre Dame,"" he told the Associated Press."
98,science_tech,center_left,high,ABC News,Danish defense ministry bans TikTok on employee work phones,"NATO-member Denmark's Defense Ministry on Monday banned its employees from having video-sharing app TikTok on their work phones as a cybersecurity measure.
It’s the latest government-related ban over security and data privacy for the app, which is owned by Beijing-based ByteDance Ltd.
In a statement, the ministry said the Scandinavian country's Center for Cyber Security had assessed there was a risk of espionage, and said that TikTok “asks for certain rights and access on the device.”"
99,science_tech,center_left,high,ABC News,Eating disorder experts are worried about diabetes drugs like Ozempic being used for weight loss,"The popularity around weight loss drugs like Ozempic is worrying eating disorder experts, who say the conversation risks making recovery harder and could put others at risk of developing disorders.
""My fear is that there is now a belief that anyone can and should achieve a certain body shape and size with the help of these medications, so there's going to be an even greater drive towards a certain body type,"" said Tracy Richmond, director of the eating disorder program at Boston Children's Hospital. Medications like Ozempic and Mounjaro were originally developed and FDA approved to treat people with Type 2 diabetes. But they also lead to weight loss, and many doctors also prescribe them off-label to patients with obesity."
100,culture_sports,center_left,medium,Buzzfeed,A College Student Who Survived Turkey’s Earthquake Described The Terror Of Seeing Buildings Collapse And The Grief That Has Followed,"It's been three weeks since two massive earthquakes struck Turkey and Syria, and the people living in the region are continuing to face deadly and destructive aftershocks. In Turkey alone, more than 44,000 people have been reported dead as of Monday, according to the country's disaster management agency. Dilbar Bek, who is now back in the US and still processing what she lived through, told BuzzFeed News she hopes the rest of the world doesn't move on just yet."
101,culture_sports,center_left,medium,Buzzfeed,"Rihanna Famously Declined Headlining The Super Bowl Halftime Show In Protest. Then Motherhood Changed Her Mind.
","For years, the singer declined the major event, in part because of the NFL’s treatment of Colin Kaepernick, the football star who knelt during “The Star-Spangled Banner” at the start of multiple games in 2016 in protest against racial injustice and police brutality that sparked a larger movement. ihanna outlined her reasons for deciding to finally headline on Wednesday in a cover story for British Vogue. It turns out much of her justification has to do with last year’s headliners.
That’s not to say she doesn’t still have her concerns with the NFL. “There’s still a lot of mending to be done in my eyes,” Rihanna said. “But it’s powerful to break those doors, and have representation at such a high, high level and a consistent level.”"
102,science_tech,center_left,medium,Buzzfeed,Voice Deepfakes Of Everyone From Joe Rogan To Joe Biden Are Taking Over Social Media,"The video, viewed over a million times, isn’t likely to fool anyone — even Biden’s most ardent opponents. But the eerily accurate cadence of the deepfaked version of the president does highlight the ability of AI-generated audio tools to mimic well-known individuals. It’s far from the only example: TikTok has been taken over by videos showing what would happen if a squad made up of current and former presidents gathered on Discord to play games together."
103,science_tech,center_left,medium,Buzzfeed,Dermatologists Shared The Benefits Of Vitamin C Serums,"“Vitamin C is an incredible multitasker,” Dr. Geeta Yadav, a board-certified dermatologist and founder of Facet Dermatology, told BuzzFeed News via email. “It's a potent antioxidant, so it defends skin from free radical damage; it promotes healthier collagen for firmer, smoother skin with less noticeable pores; and it's a tyrosinase inhibitor, which means that it helps inhibit the formation of discoloration, leading to brighter, more even skin.” "
104,culture_sports,least_biased,high,CNET,Roger Federer Retires From Tennis,"Citing challenges including surgeries and injuries over the past three years, Federer said that while he's worked to return to form, he must acknowledge his ""body's capacities and limits.""
""I am 41 years old. I have played more than 1,500 matches over 24 years,"" Federer said in a statement. ""Tennis has treated me more generously than I ever would have dreamt, and now I must recognize when it is time to end my competitive career."""
105,culture_sports,least_biased,high,CNET,"Under De-Influence: This TikTok Trend Aims to Get Us to Rethink What We Buy
","Whether or not you own one of these specific items, the likelihood is that at some point you've either bought or considered buying something cool, interesting or aesthetically appealing based on the recommendation of someone you've seen on social media. That's just how influencer marketing is designed to work.
But over the past month, a growing wave of creators on TikTok are urging people to resist the lure of influencer marketing and reassess their spending as part of a trend that's been dubbed ""de-influencing,"" which has spawned a hashtag that at the time of writing has almost 180 million views."
106,science_tech,least_biased,high,CNET,"Musk Expects To Run Twitter Until The 'End of This Year'
","Elon Musk reportedly thinks Twitter will be ready for a new chief executive ""toward the end this year."" The tech billionaire, who bought Twitter for $44 billion in October, said during an event Wednesday that he needs to stabilize the social network before finding a new CEO.
""I'm guessing toward the end of this year should be a good timing to find someone else to run the company,"" Musk said in a virtual interview during the World Government Summit, according to Bloomberg. "
107,science_tech,least_biased,high,CNET,"In the Shadow of Chernobyl, a Pack of Dogs Unlike Any Other Roams the Wasteland","Today, Chernobyl's doomed reactor is entombed within a massive concrete structure known as the sarcophagus, but the effects of its meltdown linger. The radioactive atoms — radionuclides — released in the 10 days after the catastrophe still permeate the soil, the water and, yes, the animals that have made the CEZ their home, including Chernobyl's dogs.
This unfortunate fate for the canines has a somewhat grim silver lining. By studying the DNA of these dogs, researchers could better understand how chronic exposure to radiation leaves long-lasting effects on physiology and health. "
108,culture_sports,least_biased,medium,Newzjunky: dailymail,The 20 jobs most at risk as the AI boom continues: Is YOUR occupation on the list? ,"The rise of artificial intelligence is set to boost economic growth, but it is also poised to take over the job market - and a new study now reveals the 20 occupations most at risk.
A team led by Princeton University conducted the AI research by linking 10 AI-powered applications - such as language - to 52 human abilities, to understand if any closely relate.
The results showed that telemarketers, teachers, school psychologists and judges are among the most at risk of the new technology. 
'A prominent example of how AI capabilities continue to advance are the recent improvements in AI language modeling.
'In particular, ChatGPT, a language modeler released by Open AI in late 2022, has garnered a huge amount of attention and controversy.'"
109,culture_sports,least_biased,medium,Newzjunky: mailonline,"The Mean Girls effect: Women enjoy it when their friends are nasty towards people they dislike, study finds (mailonline)","Anyone who has been through secondary school will already know that the iconic 2003 film 'Mean Girls' was more of a documentary than a comedy.
But a new study may provide some insight as to why many women gravitate towards friendship groups that emulate Regina George and her notorious 'Plastics'.
Researchers at Oklahoma State University in the US surveyed 1,183 people on their preferences for the behaviours of a same-sex best friend. This revealed that many people - both men and women - prefer friends who are kind towards us, but vicious towards our enemies. Providing the friend is directing this behaviour at their enemy, this may reflect a 'deeply strategic social cognition'. They are choosing friends that could deter their enemy from harming them, rather than those that just demonstrate prosocial characteristics in general."
110,science_tech,least_biased,medium,Newzjunky: ctvnews,"Diabetes drug in short supply in U.S. after celebrities, influencers touted its weight-loss benefits","Ozempic, a drug used to treat Type 2 diabetes, is extremely hard to find in the U.S., after some celebrities and social media influencers touted it as a weight loss solution.
The drug, also known as semaglutide, was approved in 2017 by the U.S. Food and Drug Administration (FDA), mainly to treat diabetes but it also showed weight loss results. Both Ozempic and Wegovy, another semaglutide medication produced by drug manufacturer Novo Nordisk, were also subsequently approved by Health Canada. In recent months prominent figures like Elon Musk have said they use the semaglutide medications for weight loss."
111,science_tech,least_biased,medium,Newzjunky: CNBC,Super Bowl betting sets records for sportsbooks,"It was a record-breaking Super Bowl for sportsbooks as gamblers ponied up across the United States.
Super Bowl 57 was the first one to be played in a state where sports gambling is legal, and early data shows there was a lot of enthusiasm for betting on the big game.
GeoComply, a company that verifies the locations where gamblers are betting, saw 100 million sports-betting transactions this Super Bowl weekend, an increase of 25% over last year. In and around State Farm Stadium in Glendale, Arizona, more than 100,000 transactions were verified on Sunday."
112,culture_sports,center_right,high,Wall Street Journal,‘Ant-Man and the Wasp: Quantumania’ Review: Where More Is Less,"“Ant-Man and the Wasp: Quantumania,” inaugurates Phase Five of the Marvel Cinematic Universe, which is as financially hale as it is creatively tired. Thanks to a few sweet father-daughter moments and a relatively direct plot, this entry is a notch better than some even-more-febrile recent efforts such as “Doctor Strange in the Multiverse of Madness” and “Thor: Love and Thunder.” But overall it’s another lackluster blockbuster. It does contain one genuinely awe-inspiring visual spectacle (the face of Paul Rudd, the only American man who looks nearly as good now as he did during the Clinton administration) and one truly scary concept (teen activist daughters bent on achieving universal social justice when you wish they’d just do their homework)."
113,culture_sports,center_right,high,Wall Street Journal,Jayson Tatum Still Plays Like Kobe. He Got Better by Playing Beyond Kobe,"The Celtics’ superstar, leading the NBA’s best team, has merged his old-school mentor with new-school numbers.
The NBA’s All-Star Game MVP award, named after Kobe Bryant, may be the only honor in the league that a player can win simply by wanting it more than anyone else. In Sunday night’s installment of the game, a defense-free affair in which players took turns bouncing passes to themselves off the backboards and launching increasingly long-range and low-percentage 3-pointers, Jayson Tatum of the Boston Celtics earned the trophy. His methods were straightforward: He shot his triples mostly from the arc, not the half-court stripe. "
114,science_tech,center_right,high,Wall Street Journal,"Worst Avian Flu in U.S. History Is Hitting Poultry, Wild Birds, Even Bears
","Nearly a year after it began, the worst avian-influenza outbreak in U.S. history is continuing to decimate poultry flocks across the Midwest and Colorado, frustrating efforts to keep the virus from affecting the nation’s egg prices and supply.
In South Dakota, the highly contagious bird flu, typically transmitted by the feces, mucus and saliva of wild birds, first hit commercial poultry farms in March 2022 and has continued to affect flocks. Within the last month, egg-laying hens and turkeys at several local farms were infected, leading to the deaths of more than 1.3 million poultry over that period, according to U.S. Department of Agriculture data. Nearly four million poultry have died in the state since the start of the outbreak. "
115,science_tech,center_right,high,Wall Street Journal,Apple Approves ChatGPT-Powered App After Assurance of Content Moderation,"Apple Inc. has approved an email-app update after initially scrutinizing whether a feature in the software that uses language tools powered by artificial intelligence could generate inappropriate content for children.
The app, BlueMail, was approved following assurances from its developer that it features content moderation, according to Ben Volach, co-founder of the app-maker, Blix Inc."
116,culture_sports,center_right,medium,New York Post,Coldplay’s eco-friendly tour will be partly powered by fans’ dancing,"As a heroic effort to save the planet from environmental ruin, the “My Universe”-crooning rockstars are pledging to cut down their carbon emissions by 50% and to plant a tree for every ticket sold for their forthcoming 2022 eco-friendly world tour — which will feature a dance floor that generates electricity from the crowd’s kinetic energy. 
“When [I] say, ‘I need you to jump up and down,’ I’ll literally need you to jump up and down,” Coldplay frontman Chris Martin explained to the BBC. “Because if you don’t, then the lights will go out.”"
117,culture_sports,center_right,medium,New York Post,This is the Knicks team the diehards deserve,"It is not the kind of thing a general manager would consider when formulating a roster. It can’t be.
It is nowhere near the top of a coach’s to-do list when figuring out what kind of team he wants, or what system he’ll use.
Still, likeability is a thing in sports, especially professional sports, especially in 2023. Fans are going to root for their preferred teams no matter where they fall on the likeability scale, and if that means they hate-watch them the way you do a sitcom whose shelf life has passed, so be it.
And that brings us to the 2023 Knicks, and that is a word you hear associated with them almost every day now. They are likeable. They are easy to root for. They seem to enjoy playing with each other.
Even grumpy old Tom Thibodeau seems to be having the time of his life coaching them every night, and that was before this winning streak grew to nine games, before they started looking like a team that’s going to be a hell of a hard out in the playoffs.
The Knicks, in good times, have always been that. They have always had a genuine and visceral appeal."
118,science_tech,center_right,medium,New York Post,"Meta to lay off thousands more just weeks after cutting 11,000 jobs","Meta Platforms Inc. is set to slash thousands of more jobs this week on top of the 13% workforce reduction that CEO Mark Zuckerberg announced this past November, according to a report.
The tech giant which owns social networking behemoths Facebook and Instagram plans to notify employees within the coming days that their services are no longer needed, according to Bloomberg News.
The latest job cuts that are set to be announced this week is separate from the company’s overall “flattening” strategy."
119,science_tech,center_right,medium,New York Post,‘Holy Grail’ male contraceptive drug could revolutionize birth control,"A new study is showing top marks for a first-of-its-kind “breakthrough” male birth control that can be taken orally.
Scientists at Weill Cornell Medicine have announced that their drug — currently called TDI-11861 — “temporarily stops sperm in their tracks and prevents pregnancies in preclinical models.”
Like penicillin, this “game changer” was discovered unintentionally in 2018 when Dr. Melanie Balbach was researching a protein called soluble adenylyl cyclase, or sAC, for an eye condition. When the drug was given to mice, Balbach observed its sperm-halting capabilities."
120,culture_sports,right,high,National Review,"U.S. Marriage Rate Has Declined 60 Percent Since 1970, Study Shows","While national marriage rates have continuously fluctuated between the 1890s and 1960s, with peaks and troughs in between, there has been a consistent decline since the 1970s.
Whereas the marriage rate in 1970 stood at 76.5 percent, today that has more than halved down to a paltry 31.1 percent.
Sociologist Andrew Cherlin of John Hopkins University noted that NCFMR’s findings reveal that the formal benefits of marriage are continuing to dwindle as the rise of cohabitation and co-parenting have eroded historic social pressures.
“It used to be a basic institution that everyone had to buy into in early adulthood,” Cherlin told Axios on Saturday. “You got married, then you moved in together, and then you got a job.” However, “Marriage is now becoming the last step into adulthood,” Cherlin argued."
121,culture_sports,right,high,National Review,Season Four of Stranger Things: A Mixed-but-Positive Take,"First, the good. The latest season of the show is, on the whole, an improvement from season two, which I thought was basically a retread of the first season, and season three, which seemed to suggest a show without any serious idea of where it was going or wanted to go. 
It has some great individual moments, two of which are backed by two perfectly chosen songs: “Running Up That Hill” by Kate Bush and “Master of Puppets” by Metallica. While I, as a proud ’90s kid, lack genuine ‘80s nostalgia, I do enjoy its pop culture, so such musical moments, as well as allusions to that era’s movies and TV.
Now, for the bad. That same attempt to split up the plot helped contribute to one of the flaws of the season: an overall sense of overindulgence. There was just too much going on. "
122,science_tech,right,high,National Review,Could a Ban on TikTok Really Happen?,"On the menu today: Should the U.S. government ban TikTok from the phones of private U.S. citizens?
TikTok may well be so harmful, and so potentially dangerous, that the federal government must step in and say to tens of millions of Americans, “No, you’re not allowed to have this.”
The app is already banned from devices owned and operated by the federal government.
A bipartisan Senate bill that will be introduced today aims to “give the president the authority to respond to threats posed by TikTok and companies like it.” A separate Senate bill, cosponsored by Maine independent senator Angus King and Florida Republican senator Marco Rubio, would ban the app outright; TikTok would be allowed to continue to operate if the company relocated or were sold to a friendly nation."
123,science_tech,right,high,National Review,"TikTok’s New Filter Will Exacerbate Girls’ Mental-Health Spiral, Experts Predict"," new filter called ‘Bold Glamour’ removes facial imperfections, creating an impossible beauty standard that’s left users shaken.
TikTok launched a beguiling new filter last week that promises to turn every users into the most flawless version of themselves. While some social-media influencers reveled in their goddess-like transformations, many users recoiled at the dramatic dispartiy betweem their real and artificial appearences. ""This filter makes me feel ugly in real life"", a user wrote on her video. The disturbed reactions are a harbinger of what's to come."
124,culture_sports,right,medium,Fox News,"Gigi Hadid admits nepo baby status, reveals 'I don't think I'm the prettiest'","She is one of the most recognizable faces in the world, but supermodel Gigi Hadid admits she is a product of privilege.
""Technically I’m a nepotism baby,"" Hadid prefaced in a new interview, before adding, ""My parents came from very little.""
Hadid is the daughter of Palestinian developer Mohamed Hadid and Dutch model and former ""The Real Housewives of Beverly Hills"" star Yolanda Hadid.
Even with an enviable figure and striking looks, Hadid said she has never been the paradigm of a perfect model. ""When I started out I was a heavily trained volleyball player and I had a certain body type from that. At that time fashion hadn’t started to get into a more inclusive body-image conversation. I was probably harder on my body than I should have been,"" she said."
125,culture_sports,right,medium,Fox News,John Cena books WrestleMania 39 match vs Austin Theory for US title,"John Cena made his triumphant return to ""Monday Night Raw"" in Boston, marking his first appearance on the red brand in quite some time and booked a WrestleMania match with Austin Theory for the United States Championship.
Cena got a big pop from the crowd and even got emotional as he hit the stage. He ran into the ring and heard the cheers from the fans in his home state. As he was about to gather himself, Theory’s music hit, and he came out to address the legendary WWE superstar.
The rising WWE star questioned whether Cena was ""giving up"" and questioned whether Cena was living up to his calling card – Hustle, Loyalty and Respect. Cena explained that he did not say no because he ""gave up."" He said Theory was not ready but left it up to the fans, and they agreed a match was in the best interest.Cena vs. Theory is now set for WrestleMania in Los Angeles."
126,science_tech,right,medium,Fox News,"Teenage binge-drinking: Why it’s so dangerous for young people to overindulge in alcohol
","One in every six adults participates in binge-drinking and 25% do so at least once a week, according to the Centers for Disease Control and Prevention (CDC). 
Yet it's most common among young adults ages 18 to 24 — leading to emergency situations such as the one reported on Saturday at the University of Massachusetts. More than 30 college students were taken to the hospital after they participated in a TikTok-fueled binge-drinking trend.
As part of the trend, students prepare and drink ""blackout rage gallons,"" or ""BORGs,"" which consist of a mixture of alcohol, electrolytes, flavoring and water. As of Monday, ""BORG"" videos on TikTok had amassed 81.5 million views and counting. 
""The brains of teens and young adults have not fully developed, making them more vulnerable to impulsive, emotionally driven behaviors that are the most common causes of alcohol-related injuries and death,"" he told Fox News Digital in an email."
127,science_tech,right,medium,Fox News,You won’t believe how much money hackers get from stealing your data,"JHackers are constantly figuring out ways to steal your data, and it's almost always about one thing - the money. 
In fact, the price paid for this stolen information is astounding. We typically talk about how these data breaches happen and what their impact is after the fact. According to the Dark Web Price Index, which was compiled by Privacy Affairs, a person's personal information is worth around $1,010. They came up with this figure after calculating what Dark Web product prices are worth. According toVerizon's annual data breach report, 86% of data breaches are about money, and 55% are committed by organized criminal groups."